,contact_id,email,first_name,last_name
0,4661,cecilia.velasco@rodrigues.fr,Cecilia,Velasco
1,3765,mariana.ellis@rossi.org,Mariana,Ellis
2,4187,sofie.woods@riviere.com,Sofie,Woods
3,4941,jeanette.iannotti@yahoo.com,Jeanette,Iannotti
4,2199,samuel.sorgatz@gmail.com,Samuel,Sorgatz
5,5650,socorro.luna@hotmail.com,Socorro,Luna
6,5889,carolina.murray@knight.com,Carolina,Murray
7,4842,kayla.moon@yahoo.de,Kayla,Moon
8,3280,ariadna.geisel@rangel.com,Ariadna,Geisel
9,5468,danielle.ladeck@scalfaro.net,Danielle,Ladeck
10,3064,tatiana.thompson@hunt.net,Tatiana,Thompson
11,4904,caleb.benavides@rubio.com,Caleb,Benavides
12,1299,sandra.hardy@web.de,Sandra,Hardy
13,5602,lotti.morris@yahoo.co.uk,Lotti,Morris
14,5753,reinhilde.white@voila.fr,Reinhilde,White
15,4495,kerry.patel@hutchinson.com,Kerry,Patel
16,4269,sophie.antoine@andersen.com,Sophie,Antoine
17,2226,martha.girard@web.de,Martha,Girard
18,1558,stephanie.king@cervantes.com,Stephanie,King
19,2307,amanda.palmer@didier.fr,Amanda,Palmer
20,2900,lina.alcala@vespa.net,Lina,Alcala
21,5695,itzel.murphy@muelichen.de,Itzel,Murphy
22,5708,filippo.parry@live.com,Filippo,Parry
23,1663,katelyn.cole@fiebig.com,Katelyn,Cole
24,3605,brian.novak@ford.net,Brian,Novak
25,4678,cilly.gay@callegaro.it,Cilly,Gay
26,2251,yolanda.snyder@gmx.de,Yolanda,Snyder
27,6202,evelin.odonnell@ibarra.net,Evelin,Odonnell
28,3715,ingeborg.alba@hotmail.com,Ingeborg,Alba
29,4242,marina.madrid@galarza-alba.com,Marina,Madrid
30,4326,sheila.goodwin@yahoo.com,Sheila,Goodwin
31,5560,valeria.rich@turchetta-mondadori.it,Valeria,Rich
32,4002,dustin.camacho@rhodes.org.au,Dustin,Camacho
33,3813,amalia.marenzio@grupo.com,Amalia,Marenzio
34,5336,gian.long@hotmail.com,Gian,Long
35,4994,stewart.hunt@anderson-vargas.biz,Stewart,Hunt
36,1471,greca.ruiz@carr.co.uk,Greca,Ruiz
37,4482,gerald.olivera@outlook.com,Gerald,Olivera
38,3241,jaqueline.wallace@gmail.com,Jaqueline,Wallace
39,3477,john.lane@gregoire.fr,John,Lane
40,2265,pero.joly@bernard.net,Pero,Joly
41,5911,chad.turner@gmail.com,Chad,Turner
42,2288,adam.zavala@guichard.fr,Adam,Zavala
43,4064,tyler.rivera@guajardo-ozuna.com,Tyler,Rivera
44,1294,jens.graham@jones-buckley.com,Jens,Graham
45,5008,virginia.caetani@sosa.biz,Virginia,Caetani
46,3604,martino.wagner@laposte.net,Martino,Wagner
47,3263,martin.meyer@davis.co.uk,Martin,Meyer
48,5631,marguerite.walls@martinez.fr,Marguerite,Walls
49,2851,peter.vogt@yahoo.com,Peter,Vogt
50,3714,nicholas.christian@hotmail.de,Nicholas,Christian
51,1664,susi.steinberg@preiss.com,Susi,Steinberg
52,5027,tammy.ramazzotti@gmail.com,Tammy,Ramazzotti
53,3070,abdul.thomas@vasari.com,Abdul,Thomas
54,4248,justin.luxardo@googlemail.com,Justin,Luxardo
55,2034,antonio.gibson@faust.net,Antonio,Gibson
56,4085,jeremy.gomez@oconnor.org,Jeremy,Gomez
57,3569,raymond.solorzano@gmail.com,Raymond,Solorzano
58,3889,flora.harris@hotmail.com.au,Flora,Harris
59,3136,cheryl.boyd@segni.it,Cheryl,Boyd
60,2103,rhys.leiva@gmx.de,Rhys,Leiva
61,2329,mariano.prieto@vodafone.it,Mariano,Prieto
62,3325,laurie.fibonacci@gmail.com,Laurie,Fibonacci
63,3131,david.rudolph@nelson.com,David,Rudolph
64,4995,bryan.ross@yahoo.com,Bryan,Ross
65,3631,ubaldo.brown@philippe.com,Ubaldo,Brown
66,5373,clelia.faulkner@hotmail.com,Clelia,Faulkner
67,3126,sara.erickson@yahoo.de,Sara,Erickson
68,2194,rupert.valle@filogamo.it,Rupert,Valle
69,2906,puccio.kitzmann@yahoo.com,Puccio,Kitzmann
70,2611,thomas.hutchinson@gmx.de,Thomas,Hutchinson
71,2374,abelardo.castro@gmail.com,Abelardo,Castro
72,3254,greco.walker@yahoo.com,Greco,Walker
73,3571,miranda.lacombe@longoria-vanegas.net,Miranda,Lacombe
74,2812,diana.schuchhardt@libero.it,Diana,Schuchhardt
75,3961,stacey.knox@corporacin.com,Stacey,Knox
76,3872,glen.faivre@yahoo.com,Glen,Faivre
77,4736,andrew.torres@ruiz-torres.org,Andrew,Torres
78,5119,denny.fritz@despacho.biz,Denny,Fritz
79,5725,martyn.caldera@hotmail.co.uk,Martyn,Caldera
80,4037,abigail.foster@taylor.net,Abigail,Foster
81,2109,anthony.hauffer@tlustek.org,Anthony,Hauffer
82,3283,roger.gerlach@may-mitchell.co.uk,Roger,Gerlach
83,6181,christopher.poirier@hotmail.com,Christopher,Poirier
84,3251,branka.traore@jacobi.com,Branka,Traore
85,3443,briana.etienne@bishop-coates.com,Briana,Etienne
86,2988,brandon.olson@prince-moreno.net,Brandon,Olson
87,1673,celia.ungaretti@fox.com,Celia,Ungaretti
88,2085,barbara.guibert@casares-sanches.com,Barbara,Guibert
89,1672,daniela.bell@vollbrecht.org,Daniela,Bell
90,4426,phyllis.gurule@rodriguez-pham.com,Phyllis,Gurule
91,3211,alejandra.joseph@escalante-abrego.biz,Alejandra,Joseph
92,3190,giulio.bohlander@dbmail.com,Giulio,Bohlander
93,2081,amber.weller@toso.eu,Amber,Weller
94,3185,mary.etzold@conrad-harrison.com,Mary,Etzold
95,5044,amy.georges@raedel.de,Amy,Georges
96,1883,jennifer.giraud@yahoo.com,Jennifer,Giraud
97,2067,rosie.peltier@voila.fr,Rosie,Peltier
98,4604,oreste.ward@proyectos.com,Oreste,Ward
99,3203,luis.edwards@live.com,Luis,Edwards
100,5758,fiona.griffiths@curatoli-verdone.it,Fiona,Griffiths
101,5755,sally.raya@tarchetti.it,Sally,Raya
102,5150,carolyn.charpentier@hotmail.de,Carolyn,Charpentier
103,4181,nathalie.alvarez@live.com,Nathalie,Alvarez
104,3006,abril.lowery@novak.net,Abril,Lowery
105,4865,ottone.sullivan@hussain-kaur.com,Ottone,Sullivan
106,2862,esmeralda.sollima@visintini.it,Esmeralda,Sollima
107,6070,silvia.gierschner@tele2.it,Silvia,Gierschner
108,5300,kyle.cunningham@voila.fr,Kyle,Cunningham
109,3486,anel.carpentier@klein-joseph.org,Anel,Carpentier
110,5989,sarah.davis@david.com,Sarah,Davis
111,2849,luke.klein@hotmail.com,Luke,Klein
112,1612,gudrun.mueller@dillon-fuller.info,Gudrun,Mueller
113,3307,melissa.canali@libero.it,Melissa,Canali
114,5288,gabrielle.ayala@hotmail.com,Gabrielle,Ayala
115,6026,laura.buckley@ryan.org,Laura,Buckley
116,2212,wilfrido.lorch@leclerc.fr,Wilfrido,Lorch
117,4591,robert.bruder@manzoni.com,Robert,Bruder
118,2771,phillip.soliz@outlook.com,Phillip,Soliz
119,5682,alex.smith@fournier.fr,Alex,Smith
120,5368,jessica.martinez@salieri.com,Jessica,Martinez
121,3706,kelly.carter@hotmail.com.au,Kelly,Carter
122,4034,ahmad.sosa@gmail.com,Ahmad,Sosa
123,3209,toralf.iglesias@borrego.com,Toralf,Iglesias
124,2384,irene.anichini@yahoo.com,Irene,Anichini
125,3074,alicia.cainero@yahoo.com,Alicia,Cainero
126,2031,tracey.laboy@bell.biz,Tracey,Laboy
127,5873,donald.reynaud@green.edu.au,Donald,Reynaud
128,5501,venancio.stadelmann@gmx.de,Venancio,Stadelmann
129,3489,seth.olivier@yahoo.com,Seth,Olivier
130,4210,dennis.boaga@gmx.de,Dennis,Boaga
131,6151,pedro.wilson@outlook.com,Pedro,Wilson
132,6047,roland.weihmann@gmail.com,Roland,Weihmann
133,5445,hector.morrison@web.de,Hector,Morrison
134,5493,evangelos.peters@sanchez.net,Evangelos,Peters
135,6036,gerardo.hamilton@libero.it,Gerardo,Hamilton
136,2368,meta.cuzzocrea@howard-jensen.org,Meta,Cuzzocrea
137,1501,alma.raymond@tin.it,Alma,Raymond
138,4351,kathleen.solimena@wallace.biz,Kathleen,Solimena
139,3096,zacharie.cordier@gmail.com,Zacharie,Cordier
140,6162,riza.techer@yahoo.com,Riza,Techer
141,1433,enrique.guillen@hotmail.co.uk,Enrique,Guillen
142,2720,tristan.weeks@pena.com,Tristan,Weeks
143,5251,natalie.lerma@boucher.com,Natalie,Lerma
144,1797,rodney.hamon@hotmail.com,Rodney,Hamon
145,1656,adalberto.lombardo@sfr.fr,Adalberto,Lombardo
146,1346,florencia.querini@gmail.com,Florencia,Querini
147,2989,liam.rolland@yahoo.fr,Liam,Rolland
148,5629,ian.kelly@reeves.com.au,Ian,Kelly
149,3456,mehdi.todd@web.de,Mehdi,Todd
150,3229,rembrandt.liguori@davis.org,Rembrandt,Liguori
151,2277,irmi.schweitzer@ozuna.com,Irmi,Schweitzer
152,1276,gioffre.stein@hotmail.com.au,Gioffre,Stein
153,3694,frida.villarreal@hotmail.de,Frida,Villarreal
154,2260,steffen.mangold@paul.net,Steffen,Mangold
155,5374,elias.marin@herve.net,Elias,Marin
156,4420,roman.gonzalez@anderson.net,Roman,Gonzalez
157,3849,reina.middleton@hotmail.com,Reina,Middleton
158,1638,sandro.moran@hotmail.de,Sandro,Moran
159,5230,gebhard.thanel@gmail.com,Gebhard,Thanel
160,1763,antonino.bolander@gmail.com,Antonino,Bolander
161,4323,karl.trevisani@anguissola.it,Karl,Trevisani
162,5256,silvester.brookes@franco.org,Silvester,Brookes
163,4836,octavio.pratt@web.de,Octavio,Pratt
164,5981,rebecca.greer@hotmail.com,Rebecca,Greer
165,1463,pierina.gaggini@free.fr,Pierina,Gaggini
166,4577,robin.schleich@rogers-barrera.biz,Robin,Schleich
167,4951,sergio.abbott@moore.net.au,Sergio,Abbott
168,3567,gilberto.evans@salcedo-archuleta.net,Gilberto,Evans
169,5475,james.elliott@gmail.com,James,Elliott
170,2114,timoteo.bolnbach@laboratorios.com,Timoteo,Bolnbach
171,5216,tonino.stanley@hotmail.com,Tonino,Stanley
172,1665,margaretha.murialdo@meunier.com,Margaretha,Murialdo
173,6051,bianca.drubin@libero.it,Bianca,Drubin
174,3983,kaylee.hoffmann@poulain.com,Kaylee,Hoffmann
175,2966,teresa.vecellio@yahoo.com,Teresa,Vecellio
176,4478,emine.tacchini@dbmail.com,Emine,Tacchini
177,4238,dawn.cortez@gmail.com,Dawn,Cortez
178,4404,emily.cundari@clark.com.au,Emily,Cundari
179,5666,eleanor.hall@hotmail.com,Eleanor,Hall
180,3691,monique.delgadillo@hotmail.co.uk,Monique,Delgadillo
181,2703,arnaude.warner@gmail.com,Arnaude,Warner
182,4253,jason.howell@gmx.de,Jason,Howell
183,5652,nicole.mccullough@hall.com,Nicole,Mccullough
184,3279,rosmarie.esquibel@bouygtel.fr,Rosmarie,Esquibel
185,3233,leonor.ferreira@gmail.com,Leonor,Ferreira
186,3017,brett.jones@alice.it,Brett,Jones
187,3482,nino.bien@gmail.com,Nino,Bien
188,2166,jemma.tate@hotmail.de,Jemma,Tate
189,4146,denis.rogers@poste.it,Denis,Rogers
190,2651,vanesa.khan@voila.fr,Vanesa,Khan
191,1409,victoria.ojeda@doehn.com,Victoria,Ojeda
192,3717,eugenio.martin@yahoo.de,Eugenio,Martin
193,3963,nancy.hayes@hotmail.com,Nancy,Hayes
194,2152,lara.jacob@buckley.org,Lara,Jacob
195,2974,gino.hernandez@covarrubias.com,Gino,Hernandez
196,1268,vicente.tijerina@montanariello.com,Vicente,Tijerina
197,1822,michele.brambilla@yahoo.com,Michele,Brambilla
198,5066,dana.ritacca@gmail.com,Dana,Ritacca
199,5075,mitchell.bachmann@suarez-cruz.com,Mitchell,Bachmann
200,3855,vincenza.key@adams.com,Vincenza,Key
201,5923,salvador.gaillard@yahoo.de,Salvador,Gaillard
202,1867,diane.rogner@kelly.co.uk,Diane,Rogner
203,4376,josette.laine@saracino-parisi.net,Josette,Laine
204,2785,courtney.fiebig@doerschner.com,Courtney,Fiebig
205,5884,hugues.oliver@stiffel.com,Hugues,Oliver
206,2441,espartaco.willis@hotmail.com,Espartaco,Willis
207,1243,flavia.yoder@hotmail.de,Flavia,Yoder
208,3411,casey.flores@baggio.org,Casey,Flores
209,2467,calogero.cross@mercantini.it,Calogero,Cross
210,1850,charles.begum@laboratorios.info,Charles,Begum
211,2604,adina.pollard@outlook.com,Adina,Pollard
212,1693,natasha.lara@outlook.com,Natasha,Lara
213,2969,benita.pottier@sfr.fr,Benita,Pottier
214,1544,elizabeth.valdivia@gmail.com,Elizabeth,Valdivia
215,4149,mattia.huet@aol.de,Mattia,Huet
216,3463,geza.howard@voila.fr,Geza,Howard
217,2939,lauren.guillaume@sorgatz.org,Lauren,Guillaume
218,2202,joanna.baxter@bruce-wright.com,Joanna,Baxter
219,1728,tracy.metz@bryant.info,Tracy,Metz
220,5362,birgit.pena@armellini.it,Birgit,Pena
221,4840,elvira.papafava@ifrance.com,Elvira,Papafava
222,2955,ernest.delorme@dowerg.de,Ernest,Delorme
223,5354,christy.grossi@alarcon-tafoya.com,Christy,Grossi
224,3847,hermelinda.olmos@portillo.com,Hermelinda,Olmos
225,3025,herbert.fraser@holloway.org.au,Herbert,Fraser
226,1615,giancarlo.heydrich@hotmail.com,Giancarlo,Heydrich
227,5154,constance.maldonado@spiess.net,Constance,Maldonado
228,5005,giampiero.carlier@hotmail.com,Giampiero,Carlier
229,1349,carlo.jacquot@hotmail.com,Carlo,Jacquot
230,3670,gabriel.robles@yahoo.com,Gabriel,Robles
231,2912,gerd.gunpf@gmail.com,Gerd,Gunpf
232,4336,ashley.hellwig@libero.it,Ashley,Hellwig
233,5576,patrick.rosas@yahoo.com,Patrick,Rosas
234,2736,lilla.leonard@jungfer.com,Lilla,Leonard
235,3321,tony.nicolas@morrocco-seddio.net,Tony,Nicolas
236,3353,allegra.benedetti@miller.com,Allegra,Benedetti
237,2336,camille.tafuri@aol.de,Camille,Tafuri
238,4369,juan.wheeler@gilmore.net,Juan,Wheeler
239,4464,leopoldo.johnson@hotmail.com.au,Leopoldo,Johnson
240,5626,dietmar.grenier@tele2.it,Dietmar,Grenier
241,1669,leonid.scholl@collin.com,Leonid,Scholl
242,5544,olivie.contarini@marshall-wright.biz,Olivie,Contarini
243,6078,jeffery.lacroix@medina.org,Jeffery,Lacroix
244,2580,edeltraud.chavez@hotmail.com.au,Edeltraud,Chavez
245,3592,mesut.morvan@gmail.com,Mesut,Morvan
246,4914,gregory.jackson@ortiz.com,Gregory,Jackson
247,3848,nicola.rossi@berry.org,Nicola,Rossi
248,2619,eddie.collazo@gmail.com,Eddie,Collazo
249,4605,philippe.gardner@howells-jones.net,Philippe,Gardner
250,6147,roy.fox@tejeda.com,Roy,Fox
251,1383,heiderose.garcia@noos.fr,Heiderose,Garcia
252,1757,claudine.rowley@industrias.com,Claudine,Rowley
253,4390,astrid.roht@fastwebnet.it,Astrid,Roht
254,4165,auguste.burnett@yahoo.fr,Auguste,Burnett
255,4529,pellegrino.allen@gmail.com,Pellegrino,Allen
256,6084,angela.bowers@laboratorios.com,Angela,Bowers
257,2916,michael.descamps@gmail.com,Michael,Descamps
258,2005,heidelore.kennedy@guinizzelli.org,Heidelore,Kennedy
259,2261,lucrezia.koch@petit.com,Lucrezia,Koch
260,5342,ivan.accardo@web.de,Ivan,Accardo
261,4087,karen.avogadro@yahoo.com,Karen,Avogadro
262,2761,laetitia.gallet@aubry.org,Laetitia,Gallet
263,2908,amico.gosselin@shaw.info,Amico,Gosselin
264,2155,ilaria.bowen@hotmail.it,Ilaria,Bowen
265,5642,marlen.coardi@colletti.eu,Marlen,Coardi
266,6217,rafael.alexander@jenkins.com,Rafael,Alexander
267,4222,herma.gabbana@hotmail.com,Herma,Gabbana
268,4798,zachary.vespucci@industrias.com,Zachary,Vespucci
269,5660,marisol.richard@gmail.com,Marisol,Richard
270,5000,joseph.glover@laposte.net,Joseph,Glover
271,2809,lauretta.neal@hotmail.de,Lauretta,Neal
272,3349,simone.sauvage@yahoo.com,Simone,Sauvage
273,3647,ramona.brooks@kensy.de,Ramona,Brooks
274,5745,gioele.schwital@moody.com,Gioele,Schwital
275,2583,elena.jimenez@yahoo.com.au,Elena,Jimenez
276,5441,pam.vargas@guillot.net,Pam,Vargas
277,2090,alison.morales@lewis.com,Alison,Morales
278,3386,marc.aumann@holland.com,Marc,Aumann
279,1816,carla.butler@yahoo.com,Carla,Butler
280,4718,dionigi.bruce@industrias.com,Dionigi,Bruce
281,1677,frank.henry@yahoo.com,Frank,Henry
282,4218,brent.pons@proyectos.net,Brent,Pons
283,4548,patricia.liebelt@baca.org,Patricia,Liebelt
284,1431,micheletto.sykes@thompson-thompson.com,Micheletto,Sykes
285,2830,rose.blanc@grupo.com,Rose,Blanc
286,4400,vincent.singh@gmail.com,Vincent,Singh
287,5773,jamie.peacock@interiano-nordio.com,Jamie,Peacock
288,4161,giorgia.dijoux@paul.com,Giorgia,Dijoux
289,2062,serena.piacentini@yahoo.de,Serena,Piacentini
290,3458,dimitri.posada@gmail.com,Dimitri,Posada
291,3174,alexa.barillaro@ramos.net,Alexa,Barillaro
292,5565,megan.kuhl@despacho.com,Megan,Kuhl
293,1906,kaitlyn.farinelli@outlook.com,Kaitlyn,Farinelli
294,5479,jonathan.castellitto@libero.it,Jonathan,Castellitto
295,4320,lisa.terragni@proyectos.com,Lisa,Terragni
296,4213,olivier.petrucelli@letta-raurica.eu,Olivier,Petrucelli
297,3373,jos.trobbiani@samson.com,Jos,Trobbiani
298,4184,mirjam.dawson@yahoo.com,Mirjam,Dawson
299,5472,javier.tessier@mclaughlin.biz,Javier,Tessier
300,5559,mirjana.collins@hotmail.com,Mirjana,Collins
301,5419,vanessa.tschentscher@mitchell.com,Vanessa,Tschentscher
302,4171,antonina.cobb@gibson.org,Antonina,Cobb
303,1302,bernard.durand@royer.com,Bernard,Durand
304,3520,corey.greggio@johnson.org.au,Corey,Greggio
305,6010,rodolfo.couturier@tim.it,Rodolfo,Couturier
306,4617,pierre.cardenas@luzi-bonomo.eu,Pierre,Cardenas
307,1417,romeo.surian@batista.com,Romeo,Surian
308,4770,ivo.moreno@hotmail.com,Ivo,Moreno
309,4328,federico.marie@jourdan.fr,Federico,Marie
310,5171,maggie.boito@yahoo.com,Maggie,Boito
311,4394,brianna.hanson@stanley.com,Brianna,Hanson
312,1794,heiko.bourgeois@togliatti.com,Heiko,Bourgeois
313,3510,benito.gritti@gmail.com,Benito,Gritti
314,2487,mitzy.junk@zaragoza.com,Mitzy,Junk
315,2215,samantha.lowe@praga.it,Samantha,Lowe
316,4136,ernesto.nerger@middleton.co.uk,Ernesto,Nerger
317,3723,melinda.canova@orange.fr,Melinda,Canova
318,5842,mohammad.hartung@hotmail.com,Mohammad,Hartung
319,3289,ben.maillot@ramos.net,Ben,Maillot
320,1249,isabel.pruschke@gmail.com,Isabel,Pruschke
321,5409,linda.franceschi@richards.net,Linda,Franceschi
322,2951,olivia.striebitz@gmail.com,Olivia,Striebitz
323,3432,penny.watson@matthews.net,Penny,Watson
324,2297,manfred.james@davies.org,Manfred,James
325,6161,hazel.pierce@outlook.com,Hazel,Pierce
326,4603,alf.bates@dunn.com,Alf,Bates
327,5818,scott.gough@industrias.com,Scott,Gough
328,4270,konrad.briones@fierro.com,Konrad,Briones
329,6007,mathilde.kruschwitz@yahoo.com,Mathilde,Kruschwitz
330,4084,irma.gemito@googlemail.com,Irma,Gemito
331,1340,antoine.guyon@yahoo.com,Antoine,Guyon
332,5675,william.gibilisco@gaillard.com,William,Gibilisco
333,2010,judith.butte@fischer-vaughn.info,Judith,Butte
334,6201,joanne.henderson@gmail.com,Joanne,Henderson
335,1791,ludovica.arellano@morandi-argento.com,Ludovica,Arellano
336,3314,catherine.gray@hotmail.com,Catherine,Gray
337,5852,franco.fioravanti@barry-gill.com.au,Franco,Fioravanti
338,4618,heather.zimmer@bluemel.de,Heather,Zimmer
339,2618,hortense.taylor@chambers.biz,Hortense,Taylor
340,4967,livia.ernst@colas.fr,Livia,Ernst
341,4594,toby.etzler@industrias.com,Toby,Etzler
342,2080,ennio.leoncavallo@sanchez.org,Ennio,Leoncavallo
343,2793,philippine.vaca@hotmail.com,Philippine,Vaca
344,4890,rhonda.phillips@yahoo.com,Rhonda,Phillips
345,3528,alphonse.nitto@voila.fr,Alphonse,Nitto
346,5810,karina.arreola@yahoo.com.au,Karina,Arreola
347,5720,denise.wood@mantegna.com,Denise,Wood
348,4593,burghard.rosenow@hotmail.com,Burghard,Rosenow
349,3186,friedl.powell@laposte.net,Friedl,Powell
350,5136,benjamin.schultz@rivero-davila.com,Benjamin,Schultz
351,2646,rachel.ulibarri@schueler.com,Rachel,Ulibarri
352,3460,silvano.blanchet@yahoo.com,Silvano,Blanchet
353,4345,kurt.sauer@almanza.biz,Kurt,Sauer
354,2690,nayeli.gehringer@hotmail.com,Nayeli,Gehringer
355,4025,imelda.guerin@stumpf.net,Imelda,Guerin
356,4524,zbigniew.holmes@stiffel.net,Zbigniew,Holmes
357,3978,adela.alfonsi@despacho.com,Adela,Alfonsi
358,3910,hilary.clark@libero.it,Hilary,Clark
359,5825,kornelius.molina@heuser.com,Kornelius,Molina
360,3564,christian.anderson@tim.it,Christian,Anderson
361,2396,francisco.dorsey@tiscali.fr,Francisco,Dorsey
362,2140,walli.albert@dussen.com,Walli,Albert
363,3079,siegrun.mota@matthews-montoya.org.au,Siegrun,Mota
364,2017,alberico.herve@beer.net,Alberico,Herve
365,5444,serafina.bonnin@mendes.com,Serafina,Bonnin
366,2216,marcelle.bender@edwards-robinson.info,Marcelle,Bender
367,1241,hartmuth.robertson@thomas.edu.au,Hartmuth,Robertson
368,1484,herlinde.george@free.fr,Herlinde,George
369,3475,pamela.payne@yahoo.com,Pamela,Payne
370,4333,gastone.beyer@stewart-sanchez.edu,Gastone,Beyer
371,5657,lydia.berengario@aol.de,Lydia,Berengario
372,2527,lucy.davidson@tele2.it,Lucy,Davidson
373,5967,franck.wade@gute.org,Franck,Wade
374,5698,heidi.barker@gmail.com,Heidi,Barker
375,3331,arnaldo.ocasio@hotmail.com,Arnaldo,Ocasio
376,3841,francis.bernier@rodriguez.com,Francis,Bernier
377,6105,johanne.strong@yahoo.de,Johanne,Strong
378,3895,debra.langlois@schmiedecke.com,Debra,Langlois
379,1891,reingard.kambs@sagese.eu,Reingard,Kambs
380,1281,mauro.ortiz@oquendo.net,Mauro,Ortiz
381,4186,griselda.carranza@krause.de,Griselda,Carranza
382,2511,janet.madrigal@gmail.com,Janet,Madrigal
383,4272,jenna.day@reed.com,Jenna,Day
384,3533,modesto.wright@pareto.com,Modesto,Wright
385,3618,alice.wall@zaccardo.it,Alice,Wall
386,2177,brenda.sontag@solari.com,Brenda,Sontag
387,4102,sergius.mace@palazzo.com,Sergius,Mace
388,6089,antonia.kline@gmail.com,Antonia,Kline
389,4701,maurice.gumprich@griffin.net.au,Maurice,Gumprich
390,5645,daniel.anders@yahoo.com,Daniel,Anders
391,4499,zaira.cattaneo@yahoo.com,Zaira,Cattaneo
392,3365,alessio.bruneau@hotmail.co.uk,Alessio,Bruneau
393,2290,gerdi.guerrero@tele2.fr,Gerdi,Guerrero
394,1890,brigitte.stiebitz@gmail.com,Brigitte,Stiebitz
395,1304,june.sinisi@manzoni-giannini.it,June,Sinisi
396,3799,carl.macias@yahoo.com,Carl,Macias
397,2749,veronica.trapp@tiscali.it,Veronica,Trapp
398,2028,frances.garnier@aporti-guidotti.org,Frances,Garnier
399,2383,terri.iannelli@hotmail.com,Terri,Iannelli
400,5721,odette.moore@hall.edu,Odette,Moore
401,1394,mercedes.trujillo@aol.de,Mercedes,Trujillo
402,3451,babette.dumas@brady.net,Babette,Dumas
403,5512,jerry.santiago@soprano-ferragni.it,Jerry,Santiago
404,2453,ronald.simpson@ovadia.net,Ronald,Simpson
405,6055,emmanuel.dominguez@gmail.com,Emmanuel,Dominguez
406,5704,christiane.ricciardi@zavala.com,Christiane,Ricciardi
407,3707,ingolf.zamora@yahoo.com.au,Ingolf,Zamora
408,2205,rita.sharp@beard-scott.edu.au,Rita,Sharp
409,5976,geraldine.cabrera@green-smith.info,Geraldine,Cabrera
410,3290,chantal.armas@jenkins.net,Chantal,Armas
411,4257,louis.gilbert@gmail.com,Louis,Gilbert
412,4588,michelle.collier@peruzzi.it,Michelle,Collier
413,4785,guillermina.nicholson@grondin.fr,Guillermina,Nicholson
414,3033,bertrand.hopkins@gmail.com,Bertrand,Hopkins
415,2779,alonso.palomo@gehringer.de,Alonso,Palomo
416,2131,tina.rodriguez@web.de,Tina,Rodriguez
417,6229,eva.francis@parker.org,Eva,Francis
418,3429,ottavio.rust@crespi.com,Ottavio,Rust
419,1613,amelia.olvera@hotmail.com,Amelia,Olvera
420,4734,paul.palladio@mclaughlin.net.au,Paul,Palladio
421,4439,bernardo.wieloch@budig.com,Bernardo,Wieloch
422,1441,umberto.hicks@hill.com,Umberto,Hicks
423,5799,janko.bishop@tim.it,Janko,Bishop
424,1419,jessika.meunier@gmx.de,Jessika,Meunier
425,3059,isaac.benard@googlemail.com,Isaac,Benard
426,3224,alexandrie.lambert@yahoo.com,Alexandrie,Lambert
427,3181,roberto.guyot@bennett.com,Roberto,Guyot
428,6061,giulietta.lucas@club.com,Giulietta,Lucas
429,4466,damaris.pininfarina@gmail.com,Damaris,Pininfarina
430,6081,fabrizia.renard@higgins-marks.com,Fabrizia,Renard
431,2159,camillo.dehmel@brown-campbell.com,Camillo,Dehmel
432,3324,ruggero.parpinel@gmail.com,Ruggero,Parpinel
433,3176,stephen.pratesi@hotmail.com,Stephen,Pratesi
434,5874,ludger.naccari@ingram.biz,Ludger,Naccari
435,5110,meryem.tapia@yahoo.com,Meryem,Tapia
436,5490,jasmine.juvara@yahoo.com.au,Jasmine,Juvara
437,1922,victoire.travaglia@zacchia.com,Victoire,Travaglia
438,4398,adrian.noel@perrin.com,Adrian,Noel
439,4754,marvin.howe@gmail.com,Marvin,Howe
440,3309,hanne.kidd@yahoo.com,Hanne,Kidd
441,1244,donatello.millet@fritsch.net,Donatello,Millet
442,2892,eloisa.pascarella@gmail.com,Eloisa,Pascarella
443,2777,erica.zambrano@gmail.com,Erica,Zambrano
444,4952,paula.canales@gilmore-guerrero.com,Paula,Canales
445,5144,claudia.bernard@mazzanti.it,Claudia,Bernard
446,5487,paulina.miller@lewis-barker.com,Paulina,Miller
447,1932,kathrin.godfrey@tele2.fr,Kathrin,Godfrey
448,3364,pina.passalacqua@yahoo.co.uk,Pina,Passalacqua
449,5165,julien.miles@stevens-rose.com,Julien,Miles
450,3858,suzanne.benigni@mennea-morlacchi.com,Suzanne,Benigni
451,4666,annalisa.pugh@hotmail.fr,Annalisa,Pugh
452,2896,mathew.maestas@casas-garrido.com,Mathew,Maestas
453,4520,laszlo.vallee@verdier.com,Laszlo,Vallee
454,5726,helen.polanco@hotmail.com,Helen,Polanco
455,5661,mateo.sorrentino@calderon.com,Mateo,Sorrentino
456,4765,eric.barnes@barrett-winter.com,Eric,Barnes
457,3710,dragica.west@yahoo.com.au,Dragica,West
458,4925,antje.voisin@gmail.com,Antje,Voisin
459,1533,stanley.mills@parker-lee.biz,Stanley,Mills
460,5264,brandy.meraz@yahoo.com,Brandy,Meraz
461,4606,conor.reinhardt@yahoo.com.au,Conor,Reinhardt
462,2043,gabino.blot@lewis-russell.org,Gabino,Blot
463,3871,alvaro.lemus@yahoo.com,Alvaro,Lemus
464,6205,patrizia.wilms@dbmail.com,Patrizia,Wilms
465,3193,metin.coulon@ashley.com,Metin,Coulon
466,1810,reece.valencia@laboy-palomo.com,Reece,Valencia
467,4797,troy.schmiedecke@picard.com,Troy,Schmiedecke
468,1487,wendy.bustos@libero.it,Wendy,Bustos
469,3474,guglielmo.caldwell@loeffler.com,Guglielmo,Caldwell
470,5771,travis.cowan@turner.info,Travis,Cowan
471,6074,brandi.abbagnale@tele2.fr,Brandi,Abbagnale
472,1568,hanno.gollum@smith.com,Hanno,Gollum
473,4263,jutta.burke@elliott.com,Jutta,Burke
474,5850,dorothe.paz@fiebig.de,Dorothe,Paz
475,5619,desiree.huerta@morris.com,Desiree,Huerta
476,1904,ilse.bray@venturi.it,Ilse,Bray
477,5388,pierpaolo.scaduto@sanders-gibson.com.au,Pierpaolo,Scaduto
478,2150,amedeo.bradford@yahoo.com,Amedeo,Bradford
479,2653,julia.ali@yahoo.com,Julia,Ali
480,2687,catalina.pizzetti@tim.it,Catalina,Pizzetti
481,3779,dylan.porzio@yahoo.de,Dylan,Porzio
482,1494,iris.trincavelli@tiscali.fr,Iris,Trincavelli
483,4129,johnathan.guidotti@cox-sanchez.net,Johnathan,Guidotti
484,3035,walburga.vollbrecht@aol.de,Walburga,Vollbrecht
485,2069,kendra.david@allan-morton.com,Kendra,David
486,5469,aleksandr.weiss@blanc.org,Aleksandr,Weiss
487,3903,cornelio.guardado@gmail.com,Cornelio,Guardado
488,4083,ferdi.blackburn@christensen.net,Ferdi,Blackburn
489,4003,bill.gallagher@green.com,Bill,Gallagher
490,3565,leonard.harvey@hotmail.com,Leonard,Harvey
491,1640,milan.montenegro@langern.com,Milan,Montenegro
492,4769,philip.perez@hotmail.co.uk,Philip,Perez
493,3398,kathryn.hentschel@shaw.com,Kathryn,Hentschel
494,1865,xavier.samson@baggio.it,Xavier,Samson
495,5690,hartwig.roberts@saraceno.net,Hartwig,Roberts
496,3814,kimberly.chan@gmail.com,Kimberly,Chan
497,2942,lorraine.crawford@gmail.com,Lorraine,Crawford
498,5095,maximiliano.knowles@gmail.com,Maximiliano,Knowles
499,2878,gabriella.avila@gmail.com,Gabriella,Avila
500,3697,rico.mortati@faivre.fr,Rico,Mortati
501,4744,gail.petrocelli@yahoo.com,Gail,Petrocelli
502,2104,liberto.niemeier@germano-dibiasi.it,Liberto,Niemeier
503,4883,luciana.petitjean@patterson-cole.biz,Luciana,Petitjean
504,4807,ron.cavazos@yahoo.com,Ron,Cavazos
505,1372,aldo.cibin@gmx.de,Aldo,Cibin
506,3666,alexandre.serrano@yahoo.co.uk,Alexandre,Serrano
507,2066,lori.fagotto@hill-anderson.com,Lori,Fagotto
508,1834,perla.figueroa@live.com,Perla,Figueroa
509,5853,reginald.hughes@gmail.com,Reginald,Hughes
510,2219,uriel.holt@gmail.com,Uriel,Holt
511,4148,stefano.lemonnier@binner.com,Stefano,Lemonnier
512,4477,madeleine.cooper@poste.it,Madeleine,Cooper
513,1786,alban.barbier@ortiz.org,Alban,Barbier
514,3455,alfonso.finetti@quiroz.com,Alfonso,Finetti
515,5707,ryan.kim@noos.fr,Ryan,Kim
516,5470,augustin.wohlgemut@watson.info,Augustin,Wohlgemut
517,3274,rolando.bibi@tin.it,Rolando,Bibi
518,4613,berthold.randall@mcdonald.com,Berthold,Randall
519,4465,genaro.briand@sfr.fr,Genaro,Briand
520,1652,rudolf.jenkins@hotmail.com,Rudolf,Jenkins
521,2100,pauline.ackermann@arredondo-roque.com,Pauline,Ackermann
522,4321,folker.swanson@rodrigues.fr,Folker,Swanson
523,4168,ashleigh.montez@perry-schneider.com,Ashleigh,Montez
524,3733,liliana.barber@libero.it,Liliana,Barber
525,2594,caridad.carr@huhn.com,Caridad,Carr
526,3909,lolita.borrego@gmail.com,Lolita,Borrego
527,5179,gunar.patrick@leroy.com,Gunar,Patrick
528,2228,leokadia.verdier@hotmail.com.au,Leokadia,Verdier
529,6222,hanna.reid@salas.org,Hanna,Reid
530,2354,edelgard.kreusel@hotmail.com,Edelgard,Kreusel
531,1725,svenja.perrin@berger.com,Svenja,Perrin
532,2960,pierluigi.taccola@gmx.de,Pierluigi,Taccola
533,2077,cilli.watts@yahoo.com,Cilli,Watts
534,5662,emiliano.wells@gmx.de,Emiliano,Wells
535,3481,april.davids@fisher.info,April,Davids
536,2565,dolores.didier@yahoo.com.au,Dolores,Didier
537,4436,sylvia.bonomo@poulain.com,Sylvia,Bonomo
538,5072,nelly.marsh@hotmail.it,Nelly,Marsh
539,5200,beth.miniati@hudson.net,Beth,Miniati
540,4502,renee.merino@gmail.com,Renee,Merino
541,4945,hailey.russell@jourdan.org,Hailey,Russell
542,3012,raphaela.gotthard@outlook.com,Raphaela,Gotthard
543,6094,pomponio.comencini@hotmail.co.uk,Pomponio,Comencini
544,3815,leone.richardson@yahoo.com,Leone,Richardson
545,4838,valentine.acosta@peters.net,Valentine,Acosta
546,3469,ricciotti.laureano@parsons.com,Ricciotti,Laureano
547,4874,jacques.heidrich@zamudio-chapa.com,Jacques,Heidrich
548,1792,anne.snow@gmail.com,Anne,Snow
549,4356,sonia.volta@gmx.de,Sonia,Volta
550,6196,dale.leblanc@stewart.com,Dale,Leblanc
551,3578,alejandro.cruz@hotmail.com,Alejandro,Cruz
552,4491,elsa.cugia@yahoo.com,Elsa,Cugia
553,3054,geronimo.pechel@hotmail.com,Geronimo,Pechel
554,1968,melania.klemm@seidel.com,Melania,Klemm
555,5869,katherine.cooley@yahoo.com,Katherine,Cooley
556,5858,guillermo.larsen@yahoo.com,Guillermo,Larsen
557,5203,jill.barrios@gmail.com,Jill,Barrios
558,2577,austin.musatti@tin.it,Austin,Musatti
559,3216,jacinto.rose@yahoo.com,Jacinto,Rose
560,2037,lucie.redi@googlemail.com,Lucie,Redi
561,3867,tania.chapman@remy.com,Tania,Chapman
562,5109,alexandria.best@yahoo.co.uk,Alexandria,Best
563,1376,edward.scott@yahoo.com,Edward,Scott
564,5260,jake.wiley@outlook.com,Jake,Wiley
565,2350,claudio.reuter@morgan-collins.org.au,Claudio,Reuter
566,2269,laure.traetta@kay-perkins.co.uk,Laure,Traetta
567,3650,magarete.valentin@yahoo.com,Magarete,Valentin
568,3934,paige.hill@jones.org.au,Paige,Hill
569,4048,fulvio.curiel@reynolds.com,Fulvio,Curiel
570,4266,thibaut.camarillo@hotmail.com,Thibaut,Camarillo
571,3863,romana.blanchard@googlemail.com,Romana,Blanchard
572,4922,thibault.savorgnan@butler.biz,Thibault,Savorgnan
573,4517,alexander.pausini@gonzalez.info,Alexander,Pausini
574,3259,pierangelo.scholtz@lefevre.com,Pierangelo,Scholtz
575,3123,emmanuelle.keller@morton-clarke.com,Emmanuelle,Keller
576,3870,isabella.deleon@web.de,Isabella,Deleon
577,2996,timothy.weitzel@gmail.com,Timothy,Weitzel
578,2993,alfredo.ingram@hotmail.com,Alfredo,Ingram
579,4556,francesca.kade@luna-rael.org,Francesca,Kade
580,2326,tonia.coleman@hotmail.com,Tonia,Coleman
581,4109,gottfried.barbe@hotmail.com,Gottfried,Barbe
582,5739,jeffrey.trommler@yahoo.com,Jeffrey,Trommler
583,5887,giacobbe.owens@huet.fr,Giacobbe,Owens
584,1651,conchita.pagliaro@googlemail.com,Conchita,Pagliaro
585,1628,kevin.delahaye@ellis-wilson.com,Kevin,Delahaye
586,2642,rouven.ovadia@gmail.com,Rouven,Ovadia
587,6020,piermaria.laporte@wesack.com,Piermaria,Laporte
588,4747,karolin.johann@hotmail.com,Karolin,Johann
589,5534,steven.folliero@noos.fr,Steven,Folliero
590,4790,livio.rosselli@green.co.uk,Livio,Rosselli
591,4632,gaetano.leonardi@despacho.com,Gaetano,Leonardi
592,1952,cynthia.robinson@gilles.net,Cynthia,Robinson
593,4388,eleni.aponte@club-internet.fr,Eleni,Aponte
594,5529,noelia.romo@yahoo.com,Noelia,Romo
595,1316,evelyn.haynes@clark.info,Evelyn,Haynes
596,1670,katharine.zaccagnini@hotmail.com,Katharine,Zaccagnini
597,4909,lea.merle@stey.de,Lea,Merle
598,3401,marta.huynh@hernandez.info,Marta,Huynh
599,4619,amador.riley@hotmail.com,Amador,Riley
600,4722,julie.coles@hotmail.fr,Julie,Coles
601,2188,beverley.telesio@regnier.fr,Beverley,Telesio
602,5497,corinne.mitschke@hauffer.net,Corinne,Mitschke
603,5711,valerie.ortega@tele2.it,Valerie,Ortega
604,4076,carlos.delle@hicks.com,Carlos,Delle
605,1847,christina.besnard@delorme.com,Christina,Besnard
606,2816,rosario.jacques@yahoo.com,Rosario,Jacques
607,5019,celal.fischer@aol.de,Celal,Fischer
608,4869,leonardo.guzman@andreozzi-abba.com,Leonardo,Guzman
609,3613,clinton.mason@yahoo.com,Clinton,Mason
610,3069,loretta.mallet@sansoni-toscani.it,Loretta,Mallet
611,2601,lorenzo.roero@hotmail.co.uk,Lorenzo,Roero
612,2133,lando.gutierrez@heser.com,Lando,Gutierrez
613,3164,elaine.patterson@rose-morris.org,Elaine,Patterson
614,3897,marcella.govoni@barkholz.net,Marcella,Govoni
615,5663,ettore.amaldi@germain.com,Ettore,Amaldi
616,3879,rufino.gallegos@webster-newton.co.uk,Rufino,Gallegos
617,5900,georges.richards@macdonald.com,Georges,Richards
618,2272,janice.infantino@hotmail.com,Janice,Infantino
619,5436,svetlana.montanariello@putz.de,Svetlana,Montanariello
620,3676,agnolo.cedillo@laboratorios.biz,Agnolo,Cedillo
621,4676,hannah.jockel@ceravolo-tonisto.eu,Hannah,Jockel
622,1563,yvonne.stout@sims.edu,Yvonne,Stout
623,4349,anouk.pace@gmail.com,Anouk,Pace
624,1658,esteban.valdez@hotmail.com,Esteban,Valdez
625,2552,angelina.davies@hotmail.com,Angelina,Davies
626,4847,anastasie.cadena@live.com,Anastasie,Cadena
627,1553,hansjoachim.lettiere@hall-mcdaniel.net,Hansjoachim,Lettiere
628,2632,yeni.tejada@olson.edu.au,Yeni,Tejada
629,1908,dulce.adinolfi@hotmail.com,Dulce,Adinolfi
630,5801,sean.mielcarek@gmail.com,Sean,Mielcarek
631,1935,omar.fonseca@grupo.org,Omar,Fonseca
632,2609,henry.gucci@leleu.fr,Henry,Gucci
633,2740,samira.bottaro@vasseur.fr,Samira,Bottaro
634,1907,korinna.arnold@zapata-saenz.biz,Korinna,Arnold
635,1831,marcela.ferrante@gmx.de,Marcela,Ferrante
636,5177,douglas.amaya@favata-brenna.net,Douglas,Amaya
637,6179,katherina.barrientos@trobbiani.eu,Katherina,Barrientos
638,2917,brittany.tran@tele2.it,Brittany,Tran
639,1486,caroline.reeves@yahoo.com,Caroline,Reeves
640,3735,joe.michaud@yahoo.fr,Joe,Michaud
641,3838,marco.vittadello@gmail.com,Marco,Vittadello
642,2430,kim.webb@yahoo.com.au,Kim,Webb
643,2480,eugenia.zichichi@yahoo.com,Eugenia,Zichichi
644,3431,aurore.rosemann@leoncavallo-rusticucci.com,Aurore,Rosemann
645,1742,giustino.luzi@rolland.fr,Giustino,Luzi
646,4628,anita.galindo@gmail.com,Anita,Galindo
647,2385,gunhild.carrillo@elliott-gilbert.org,Gunhild,Carrillo
648,2213,rosa.paul@bien.com,Rosa,Paul
649,5188,marliese.oneal@gmail.com,Marliese,Oneal
650,3418,bethany.hartmann@yahoo.com,Bethany,Hartmann
651,5637,irina.martineau@gmail.com,Irina,Martineau
652,3530,beatriz.moulin@pinto.com,Beatriz,Moulin
653,3731,lucas.austin@gmail.com,Lucas,Austin
654,3219,carole.nohlmans@yahoo.com,Carole,Nohlmans
655,2392,bozena.schmitt@vallet.com,Bozena,Schmitt
656,5103,aimee.foconi@outlook.com,Aimee,Foconi
657,3992,marzena.carrero@roskoth.de,Marzena,Carrero
658,2442,raisa.poulain@fastwebnet.it,Raisa,Poulain
659,2913,marcantonio.bennett@hopkins.com.au,Marcantonio,Bennett
660,1631,kenneth.hurst@meunier.net,Kenneth,Hurst
661,4073,marisela.mende@godoy-enriquez.com,Marisela,Mende
662,4568,blanka.villareal@monduzzi.net,Blanka,Villareal
663,1830,tomislav.stoppani@corporacin.org,Tomislav,Stoppani
664,2623,krystal.ammaniti@barbier.fr,Krystal,Ammaniti
665,4327,deanna.aporti@bouygtel.fr,Deanna,Aporti
666,3713,donatella.burns@yahoo.de,Donatella,Burns
667,2389,margrit.hooper@douglas.com,Margrit,Hooper
668,5141,baccio.marcacci@laposte.net,Baccio,Marcacci
669,3522,alfio.roman@hotmail.co.uk,Alfio,Roman
670,1334,soledad.soto@hotmail.de,Soledad,Soto
671,4721,josh.cimarosa@hotmail.com,Josh,Cimarosa
672,3768,nath.rico@yahoo.com,Nath,Rico
673,1639,gary.armani@web.de,Gary,Armani
674,5149,miriam.oquendo@smith-watson.biz,Miriam,Oquendo
675,2153,monica.mohaupt@live.com,Monica,Mohaupt
676,2767,alec.ho@parra-esparza.com,Alec,Ho
677,5124,harry.fouquet@ibarra-cooper.com,Harry,Fouquet
678,2097,arcelia.babati@orange.fr,Arcelia,Babati
679,4796,trinidad.vespa@gmail.com,Trinidad,Vespa
680,5849,colette.ryan@hotmail.com,Colette,Ryan
681,1495,richard.andre@porras.org,Richard,Andre
682,2462,ellinor.leclercq@gmail.com,Ellinor,Leclercq
683,2280,patricio.guillon@web.de,Patricio,Guillon
684,1877,kirsten.chindamo@carrillo-wall.com,Kirsten,Chindamo
685,6108,leo.petruzzi@yahoo.com,Leo,Petruzzi
686,4427,margot.tomaselli@junck.org,Margot,Tomaselli
687,2881,ansaldo.marks@patel-odonnell.com,Ansaldo,Marks
688,2339,regina.morin@barcaccia.net,Regina,Morin
689,5156,karla.medici@yahoo.com,Karla,Medici
690,4750,morgan.irizarry@williams-harris.biz,Morgan,Irizarry
691,4852,natividad.wong@hoevel.com,Natividad,Wong
692,5734,anna.freeman@snyder.net,Anna,Freeman
693,3801,emilia.vivaldi@garnier.fr,Emilia,Vivaldi
694,4474,gerda.cook@tin.it,Gerda,Cook
695,1992,andrey.faure@frederick-mitchell.info,Andrey,Faure
696,5796,charlotte.duke@ochoa.org,Charlotte,Duke
697,1373,cindy.castillo@virgilio.it,Cindy,Castillo
698,1879,hiltrud.thibault@barbe.com,Hiltrud,Thibault
699,3072,kasimir.jaime@gmail.com,Kasimir,Jaime
700,4561,sabine.lachmann@phillips.org,Sabine,Lachmann
701,5201,andrea.arroyo@yahoo.com.au,Andrea,Arroyo
702,5871,matthew.velasquez@gmail.com,Matthew,Velasquez
703,3041,severino.linares@angeli.com,Severino,Linares
704,5864,swantje.lomeli@gmx.de,Swantje,Lomeli
705,3999,marcus.espino@comolli.eu,Marcus,Espino
706,4849,allen.gates@gmail.com,Allen,Gates
707,5461,mauricio.saunders@hotmail.co.uk,Mauricio,Saunders
708,5946,gilbert.cornejo@hotmail.com,Gilbert,Cornejo
709,4508,letizia.gulotta@howard.biz,Letizia,Gulotta
710,5096,etta.gutknecht@leconte.net,Etta,Gutknecht
711,5443,shelley.perry@gierschner.de,Shelley,Perry
712,2165,geoffrey.williams@poste.it,Geoffrey,Williams
713,2125,cory.stewart@voila.fr,Cory,Stewart
714,6141,kristy.bartlett@outlook.com,Kristy,Bartlett
715,5245,gianluca.beck@green.biz,Gianluca,Beck
716,2190,guido.krein@gmail.com,Guido,Krein
717,2243,leif.monnier@querini.it,Leif,Monnier
718,3336,jonas.badoer@kennedy.biz,Jonas,Badoer
719,3305,devin.ebert@yahoo.fr,Devin,Ebert
720,6191,slobodan.camiscione@hotmail.com,Slobodan,Camiscione
721,1326,volkmar.gauthier@hotmail.com,Volkmar,Gauthier
722,6159,jordan.rowe@outlook.com,Jordan,Rowe
723,2003,manon.daugherty@segre.com,Manon,Daugherty
724,5881,estela.segovia@vodafone.it,Estela,Segovia
725,1918,giada.celentano@evans.net,Giada,Celentano
726,2157,clayton.salcedo@hotmail.co.uk,Clayton,Salcedo
727,3149,raven.pinto@hotmail.com,Raven,Pinto
728,2444,lewis.lewis@pisano.net,Lewis,Lewis
729,6207,rochus.rousseau@nguyen.com,Rochus,Rousseau
730,5580,belinda.gamez@leleu.com,Belinda,Gamez
731,5942,angelo.lozano@macias.com,Angelo,Lozano
732,1592,jorge.monti@clement.fr,Jorge,Monti
733,2344,ricky.harrell@martin.edu,Ricky,Harrell
734,5995,adriano.wulf@schmidtke.net,Adriano,Wulf
735,5022,pompeo.bourdon@gmail.com,Pompeo,Bourdon
736,5991,kristie.garrett@wernecke.com,Kristie,Garrett
737,4020,lodovico.conley@yahoo.com,Lodovico,Conley
738,6028,jean.berthelot@oscuro.it,Jean,Berthelot
739,2790,tadeusz.medina@jackson-clark.net,Tadeusz,Medina
740,4033,ruby.carriera@hotmail.it,Ruby,Carriera
741,1261,theres.antonioni@hotmail.com,Theres,Antonioni
742,1979,gloria.morton@outlook.com,Gloria,Morton
743,2122,graziano.jensen@gmail.com,Graziano,Jensen
744,4506,gianpaolo.massey@bouvier.com,Gianpaolo,Massey
745,3016,alain.farmer@hotmail.it,Alain,Farmer
746,3272,renato.murillo@club.com,Renato,Murillo
747,1375,edda.ferraris@libero.it,Edda,Ferraris
748,4014,luce.marty@waehner.org,Luce,Marty
749,3199,rotraud.mitchell@laboratorios.com,Rotraud,Mitchell
750,2184,israel.watkins@hotmail.com,Israel,Watkins
751,2170,nathan.jennings@kim.com,Nathan,Jennings
752,1478,gavin.proietti@gmx.de,Gavin,Proietti
753,6163,emma.rios@yahoo.com.au,Emma,Rios
754,1889,todd.douglas@web.de,Todd,Douglas
755,5912,oscar.holsten@yahoo.com,Oscar,Holsten
756,2537,ann.peron@grupo.biz,Ann,Peron
757,2118,senta.grassi@hotmail.com,Senta,Grassi
758,3234,kata.mena@gmail.com,Kata,Mena
759,3842,gianfranco.hethur@stewart-lee.com.au,Gianfranco,Hethur
760,3032,florentine.saraceno@gmail.com,Florentine,Saraceno
761,3238,giuliano.bolzmann@pacillo.it,Giuliano,Bolzmann
762,2059,alwine.kostolzin@holloway.com,Alwine,Kostolzin
763,5238,giacinto.briggs@yahoo.co.uk,Giacinto,Briggs
764,2578,holly.negrete@hotmail.com,Holly,Negrete
765,4789,mark.trapanese@gmail.com,Mark,Trapanese
766,2357,alyssa.brun@chittolini-spadafora.it,Alyssa,Brun
767,1235,cristina.chevalier@proyectos.com,Cristina,Chevalier
768,3558,shannon.lefevre@gmail.com,Shannon,Lefevre
769,1707,logan.hornich@tin.it,Logan,Hornich
770,2842,rosalia.toro@free.fr,Rosalia,Toro
771,5318,reiner.poerio@yahoo.com,Reiner,Poerio
772,1620,valentina.pages@hotmail.de,Valentina,Pages
773,4998,enrico.fabre@gmail.com,Enrico,Fabre
774,3111,sevim.begue@yahoo.com.au,Sevim,Begue
775,1424,sonja.patberg@hotmail.com,Sonja,Patberg
776,3244,christine.hiller@yahoo.com,Christine,Hiller
777,4643,maik.beasley@harper-brooks.biz,Maik,Beasley
778,6132,elliot.santana@gmx.de,Elliot,Santana
779,3790,eloy.renzi@gmail.com,Eloy,Renzi
780,1312,wolf.lutz@nichols-jackson.com.au,Wolf,Lutz
781,5686,giuseppe.lee@mahe.org,Giuseppe,Lee
782,2111,angelica.cuellar@zaguri-bellucci.net,Angelica,Cuellar
783,5685,bekir.normand@yahoo.de,Bekir,Normand
784,1905,carmine.gonzales@schleich.net,Carmine,Gonzales
785,3271,marianne.hubert@hotmail.com,Marianne,Hubert
786,4178,gonzalo.montes@hotmail.com,Gonzalo,Montes
787,3275,shelly.guichard@gmail.com,Shelly,Guichard
788,5713,tobias.carbajal@live.com,Tobias,Carbajal
789,3339,santiago.berry@aol.de,Santiago,Berry
790,5585,emilio.davenport@zamora-russo.net,Emilio,Davenport
791,4407,maurizio.gute@knight.info,Maurizio,Gute
792,1941,nadia.travaglio@colletti-broggini.com,Nadia,Travaglio
793,4690,elisa.barkholz@sfr.fr,Elisa,Barkholz
794,3607,cristal.mazzini@gmail.com,Cristal,Mazzini
795,2670,trevor.granados@gmail.com,Trevor,Granados
796,5261,matthieu.mcdonald@morrison.org,Matthieu,Mcdonald
797,4121,juliette.preston@gmail.com,Juliette,Preston
798,4620,stanislaw.montalvo@mcpherson-hughes.info,Stanislaw,Montalvo
799,4630,lilia.lollobrigida@le.com,Lilia,Lollobrigida
800,3440,brigitta.shaw@hotmail.co.uk,Brigitta,Shaw
801,3572,rebeca.frey@gerard.fr,Rebeca,Frey
802,5306,nicolas.palacios@meraz.com,Nicolas,Palacios
803,5122,susanna.bonneau@klingelhoefer.de,Susanna,Bonneau
804,1368,romina.valentine@hotmail.com,Romina,Valentine
805,5370,erika.toussaint@sfr.fr,Erika,Toussaint
806,5636,lothar.laurent@garcia.com.au,Lothar,Laurent
807,6033,chelsea.verdugo@campbell.com,Chelsea,Verdugo
808,3599,ria.venier@murillo-estevez.com,Ria,Venier
809,5566,carly.summers@yahoo.co.uk,Carly,Summers
810,1873,pasquale.tomasini@hotmail.co.uk,Pasquale,Tomasini
811,3904,stefani.ughi@hotmail.it,Stefani,Ughi
812,4453,jose.huang@gmx.de,Jose,Huang
813,5481,petros.gaona@googlemail.com,Petros,Gaona
814,2987,maximilian.siering@gaito-fornaciari.org,Maximilian,Siering
815,2431,ermenegildo.holzapfel@aol.de,Ermenegildo,Holzapfel
816,4158,damien.leger@dixon.biz,Damien,Leger
817,3753,zeferino.barrera@zedillo-velazquez.com,Zeferino,Barrera
818,4391,alfred.pohl@fechner.net,Alfred,Pohl
819,2026,marissa.gaito@reed-campbell.edu,Marissa,Gaito
820,4547,ariana.houston@hotmail.it,Ariana,Houston
821,2798,victor.jacobs@young.com,Victor,Jacobs
822,4732,henriette.lang@mimun.it,Henriette,Lang
823,5126,wilfriede.baca@caraballo.com,Wilfriede,Baca
824,5151,lucia.riviere@samaniego.biz,Lucia,Riviere
825,2134,gordon.vigorelli@solano.com,Gordon,Vigorelli
826,5786,diethard.salgado@gmail.com,Diethard,Salgado
827,5515,sue.corrales@cardenas-serna.org,Sue,Corrales
828,4530,arthur.salazar@yahoo.com.au,Arthur,Salazar
829,4088,fortunata.schneider@tiscali.it,Fortunata,Schneider
830,3667,gretchen.serna@pichon.org,Gretchen,Serna
831,3286,egon.caron@hotmail.com,Egon,Caron
832,4804,roberta.finzi@knight-davies.co.uk,Roberta,Finzi
833,5768,editha.savage@davies.co.uk,Editha,Savage
834,6098,allan.emanuelli@fernandes.org,Allan,Emanuelli
835,2508,laurence.lucero@martin.org,Laurence,Lucero
836,5779,istvan.draghi@ifrance.com,Istvan,Draghi
837,1717,luigi.bonnet@carriera-federico.it,Luigi,Bonnet
838,3368,yuridia.fantozzi@mcdonald.com,Yuridia,Fantozzi
839,4265,eraldo.schmiedt@hotmail.de,Eraldo,Schmiedt
840,4455,antoinette.cox@bustamante.com,Antoinette,Cox
841,2940,cameron.ocampo@hotmail.com.au,Cameron,Ocampo
842,6144,lynn.lawson@leclercq.com,Lynn,Lawson
843,3657,natalia.seifert@ifrance.com,Natalia,Seifert
844,1537,nuray.anguillara@yahoo.co.uk,Nuray,Anguillara
845,2116,beate.morgan@gmail.com,Beate,Morgan
846,5102,mario.rees@gmx.de,Mario,Rees
847,5815,galasso.junken@yahoo.co.uk,Galasso,Junken
848,4250,luca.moses@franke.de,Luca,Moses
849,4533,aurelio.gertz@hewitt.net,Aurelio,Gertz
850,3329,uberto.steele@outlook.com,Uberto,Steele
851,3606,annie.hunter@allen.co.uk,Annie,Hunter
852,4749,jo.mccarty@hotmail.com,Jo,Mccarty
853,2222,eitel.lombard@thomas.net,Eitel,Lombard
854,1939,susan.vigliotti@yahoo.co.uk,Susan,Vigliotti
855,2456,jacqueline.germano@valette.fr,Jacqueline,Germano
856,2794,fidel.ruppert@yahoo.co.uk,Fidel,Ruppert
857,2648,margaret.eigenwillig@yahoo.com,Margaret,Eigenwillig
858,2545,yvette.harding@yahoo.co.uk,Yvette,Harding
859,3273,federigo.karge@bohlander.com,Federigo,Karge
860,6155,guenther.armenta@free.fr,Guenther,Armenta
861,6064,coriolano.higgins@murphy.org.au,Coriolano,Higgins
862,1729,felix.rubio@ebert.de,Felix,Rubio
863,4969,melanie.leveque@fleury.net,Melanie,Leveque
864,3402,abbie.galeati@ubaldi.it,Abbie,Galeati
865,2810,vittorio.caccioppoli@yahoo.com,Vittorio,Caccioppoli
866,2217,biagio.valenzuela@robinson.info,Biagio,Valenzuela
867,5140,dario.green@live.com,Dario,Green
868,4497,alwina.textor@poste.it,Alwina,Textor
869,5100,diether.baeza@grupo.biz,Diether,Baeza
870,3390,sole.trevino@hotmail.com,Sole,Trevino
871,1926,darren.bernardi@brooks-martin.com,Darren,Bernardi
872,3264,martina.heser@morellato.it,Martina,Heser
873,2573,bethan.giacometti@gmail.com,Bethan,Giacometti
874,3628,ethan.duhamel@sfr.fr,Ethan,Duhamel
875,3826,corrado.warren@hotmail.com.au,Corrado,Warren
876,5983,damian.pulido@yahoo.de,Damian,Pulido
877,5678,dino.osborne@despacho.com,Dino,Osborne
878,2093,nicolaus.bernetti@aol.de,Nicolaus,Bernetti
879,5333,gianna.carroll@perez.com,Gianna,Carroll
880,5139,grit.knight@web.de,Grit,Knight
881,3173,erin.weinhold@hotmail.fr,Erin,Weinhold
882,3333,craig.jordan@gmail.com,Craig,Jordan
883,2262,homero.respighi@gmail.com,Homero,Respighi
884,1531,fanny.pertile@gmail.com,Fanny,Pertile
885,4881,fridolin.comboni@graf.com,Fridolin,Comboni
886,3928,hugh.cantu@libero.it,Hugh,Cantu
887,1803,alphons.simmons@hotmail.com,Alphons,Simmons
888,2321,ludovico.cafarchia@gmail.com,Ludovico,Cafarchia
889,6234,nico.kaiser@almonte.com,Nico,Kaiser
890,1422,kirsty.lamy@alonzi.it,Kirsty,Lamy
891,2660,joshua.scheibe@turci.org,Joshua,Scheibe
892,5361,carin.pineau@yahoo.com,Carin,Pineau
893,3420,ellie.galarza@pareto-cattaneo.net,Ellie,Galarza
894,4337,marion.lira@ifrance.com,Marion,Lira
895,2338,aurelia.angiolello@lord.com,Aurelia,Angiolello
896,4140,maura.ravaglioli@yahoo.com,Maura,Ravaglioli
897,2373,brunhilde.fletcher@schomber.de,Brunhilde,Fletcher
898,1344,ottfried.marques@tyler-watson.info,Ottfried,Marques
899,2141,christelle.blasi@morris-chan.com,Christelle,Blasi
900,3415,augusto.vercelloni@club-internet.fr,Augusto,Vercelloni
901,5696,michela.pruvost@holt.co.uk,Michela,Pruvost
902,1798,guarino.escalante@hotmail.com,Guarino,Escalante
903,1657,gabriela.padilla@pearson-russell.com,Gabriela,Padilla
904,3651,agathe.dias@jackson.com,Agathe,Dias
905,3574,werner.kallert@gmail.com,Werner,Kallert
906,6063,lore.delaunay@yahoo.com,Lore,Delaunay
907,2404,enzio.campos@tim.it,Enzio,Campos
908,2705,walther.duarte@web.de,Walther,Duarte
909,5059,adelgunde.trevisan@gmail.com,Adelgunde,Trevisan
910,5466,thierry.schwartz@travaglio.net,Thierry,Schwartz
911,5821,katie.andersen@haney.com.au,Katie,Andersen
912,5385,kathy.zamorani@hotmail.com,Kathy,Zamorani
913,3506,giuseppina.tanguy@wanadoo.fr,Giuseppina,Tanguy
914,5427,jack.klapp@hotmail.com.au,Jack,Klapp
915,6142,tom.leconte@woods-johnson.com,Tom,Leconte
916,2873,bonnie.cignaroli@yahoo.com,Bonnie,Cignaroli
917,3916,danny.farrell@hotmail.com,Danny,Farrell
918,1687,fiorenzo.bauer@gmail.com,Fiorenzo,Bauer
919,1542,randy.alfieri@verri.org,Randy,Alfieri
920,3087,tim.bradley@schlosser.de,Tim,Bradley
921,3857,yves.mendez@gmail.com,Yves,Mendez
922,5921,raffaella.esquivel@gmail.com,Raffaella,Esquivel
923,3144,lawrence.vasari@castillo.edu,Lawrence,Vasari
924,2676,sam.adams@yahoo.com,Sam,Adams
925,3646,mirco.nicolini@blin.net,Mirco,Nicolini
926,1321,graham.bajardi@yahoo.com,Graham,Bajardi
927,1399,luc.quinn@walker.com,Luc,Quinn
928,3169,stella.ullrich@hotmail.com.au,Stella,Ullrich
929,2058,calcedonio.remy@edwards-benton.com,Calcedonio,Remy
930,1300,nanni.almaraz@martin.com,Nanni,Almaraz
931,2075,pascual.corradi@lopez.net.au,Pascual,Corradi
932,2984,kristi.grant@yahoo.co.uk,Kristi,Grant
933,4768,manuel.gracia@trussardi.eu,Manuel,Gracia
934,3682,gionata.hussain@yahoo.com,Gionata,Hussain
935,5901,maria.nguyen@hernadez.com,Maria,Nguyen
936,3540,leon.baker@hotmail.com,Leon,Baker
937,2225,gianmarco.alcaraz@zacchia.net,Gianmarco,Alcaraz
938,1485,derrick.little@small.org,Derrick,Little
939,5343,terry.ramirez@hotmail.co.uk,Terry,Ramirez
940,5594,katarina.clarke@hotmail.com.au,Katarina,Clarke
941,2482,leila.washington@gmail.com,Leila,Washington
942,2706,mirko.townsend@schmitt.com,Mirko,Townsend
943,4861,randall.connolly@jovinelli-castelli.com,Randall,Connolly
944,2961,pia.burgess@proyectos.org,Pia,Burgess
945,3043,justine.mancini@tiscali.it,Justine,Mancini
946,6103,reynaldo.wagenknecht@faure.com,Reynaldo,Wagenknecht
947,4708,toni.magrassi@gmail.com,Toni,Magrassi
948,4395,patrizio.cisneros@martinez.edu.au,Patrizio,Cisneros
949,4912,durante.lindner@picard.fr,Durante,Lindner
950,2030,rosl.lamborghini@hiller.net,Rosl,Lamborghini
951,5235,ugo.harrison@morley-chapman.co.uk,Ugo,Harrison
952,5001,isidor.carpenter@chauvin.com,Isidor,Carpenter
953,4093,marie.zoppetto@kallert.de,Marie,Zoppetto
954,2576,branko.chambers@ifrance.com,Branko,Chambers
955,6122,alan.pineda@proyectos.info,Alan,Pineda
956,2813,carmen.oestrovsky@gmail.com,Carmen,Oestrovsky
957,3737,shane.fernandez@hotmail.de,Shane,Fernandez
958,2803,debbie.guilbert@berg.edu,Debbie,Guilbert
959,5508,vito.dossi@hotmail.co.uk,Vito,Dossi
960,3850,evan.schacht@price.com,Evan,Schacht
961,4220,mandy.weston@free.fr,Mandy,Weston
962,4532,paulo.zito@nelson.biz,Paulo,Zito
963,6013,alberto.girschner@laboratorios.com,Alberto,Girschner
964,3396,giacomo.bouvet@gmail.com,Giacomo,Bouvet
965,4401,ehrentraud.puga@laboratorios.com,Ehrentraud,Puga
966,2981,cristian.hale@hotmail.co.uk,Cristian,Hale
967,4467,lilija.charles@gmail.com,Lilija,Charles
968,1377,albert.legendre@lee.com,Albert,Legendre
969,5036,marisa.renaud@smith.org,Marisa,Renaud
970,5761,sharon.diallo@gmail.com,Sharon,Diallo
971,3699,eduardo.delattre@lynch.net.au,Eduardo,Delattre
972,4519,bernadette.wang@gmail.com,Bernadette,Wang
973,5395,dina.gibbons@brewer.net,Dina,Gibbons
974,3057,clara.armstrong@vodafone.it,Clara,Armstrong
975,2741,elliott.herrmann@hotmail.com.au,Elliott,Herrmann
976,1675,graziella.vidal@hotmail.com,Graziella,Vidal
977,2712,francisca.becerra@young.com.au,Francisca,Becerra
978,4527,edeltrud.boyer@outlook.com,Edeltrud,Boyer
979,1722,julian.noble@hill.org.au,Julian,Noble
980,4330,christophe.bohnbach@ifrance.com,Christophe,Bohnbach
981,5219,ippazio.angulo@yahoo.com,Ippazio,Angulo
982,4997,grace.kroker@hotmail.com,Grace,Kroker
983,2239,jared.ferguson@roberts.com,Jared,Ferguson
984,4587,virginie.mclean@yahoo.com,Virginie,McLean
985,4113,mason.potter@gmail.com,Mason,Potter
986,4762,aaron.anaya@hotmail.com.au,Aaron,Anaya
987,5242,leah.ornelas@gmail.com,Leah,Ornelas
988,5765,harald.roy@web.de,Harald,Roy
989,2185,micaela.martel@hotmail.com,Micaela,Martel
990,5500,vincentio.sanders@voila.fr,Vincentio,Sanders
991,3494,bettina.norbiato@allen-lutz.org,Bettina,Norbiato
992,3924,julio.renner@industrias.net,Julio,Renner
993,3521,jelena.stiffel@trupp.de,Jelena,Stiffel
994,5262,guadalupe.munoz@murray-hamilton.com.au,Guadalupe,Munoz
995,3684,whitney.noack@laboratorios.org,Whitney,Noack
996,5784,gelsomina.migliaccio@junk.com,Gelsomina,Migliaccio
997,1498,evangelista.pereira@thompson-peterson.biz,Evangelista,Pereira
998,6073,gareth.comolli@tiscali.fr,Gareth,Comolli
999,4939,michelangelo.hess@bouygtel.fr,Michelangelo,Hess
